STATE,BUS_TYPE,DRUG_NAME,DRUG_CODE,BUYERS,TOTAL_GRAMS
ALABAMA,HOSPITALS,D-AMPHETAMINE BASE,1100D,60.0,1097.66
ALABAMA,HOSPITALS,DL-AMPHETAMINE BASE,1100B,52.0,610.97
ALABAMA,HOSPITALS,HYDROCODONE,9193,155.0,9604.24
ALABAMA,HOSPITALS,METHYLPHENIDATE,1724,97.0,4015.07
ALABAMA,HOSPITALS,OXYCODONE,9143,134.0,18212.75
ALABAMA,PHARMACIES,D-AMPHETAMINE BASE,1100D,1162.0,48205.81
ALABAMA,PHARMACIES,DL-AMPHETAMINE BASE,1100B,1156.0,29477.69
ALABAMA,PHARMACIES,HYDROCODONE,9193,1211.0,458540.66
ALABAMA,PHARMACIES,METHYLPHENIDATE,1724,1175.0,128346.02
ALABAMA,PHARMACIES,OXYCODONE,9143,1194.0,280647.37
ALABAMA,PRACTITIONERS,D-AMPHETAMINE BASE,1100D,1.0,0.73
ALABAMA,PRACTITIONERS,HYDROCODONE,9193,2651.0,6128.42
ALABAMA,PRACTITIONERS,OXYCODONE,9143,12.0,188.06
ALASKA,HOSPITALS,D-AMPHETAMINE BASE,1100D,19.0,1226.84
ALASKA,HOSPITALS,DL-AMPHETAMINE BASE,1100B,14.0,270.17
ALASKA,HOSPITALS,HYDROCODONE,9193,38.0,2660.7
ALASKA,HOSPITALS,METHYLPHENIDATE,1724,30.0,3939.0
ALASKA,HOSPITALS,OXYCODONE,9143,37.0,8336.11
ALASKA,PHARMACIES,D-AMPHETAMINE BASE,1100D,79.0,7791.91
ALASKA,PHARMACIES,DL-AMPHETAMINE BASE,1100B,75.0,2359.66
ALASKA,PHARMACIES,HYDROCODONE,9193,82.0,23932.85
ALASKA,PHARMACIES,METHYLPHENIDATE,1724,80.0,12855.76
ALASKA,PHARMACIES,OXYCODONE,9143,82.0,65876.54
ALASKA,PRACTITIONERS,D-AMPHETAMINE BASE,1100D,2.0,35.2
ALASKA,PRACTITIONERS,HYDROCODONE,9193,110.0,380.6
ALASKA,PRACTITIONERS,METHYLPHENIDATE,1724,4.0,105.51
ALASKA,PRACTITIONERS,OXYCODONE,9143,11.0,175.92
ARIZONA,HOSPITALS,D-AMPHETAMINE BASE,1100D,60.0,2213.48
ARIZONA,HOSPITALS,DL-AMPHETAMINE BASE,1100B,36.0,536.52
ARIZONA,HOSPITALS,HYDROCODONE,9193,113.0,9664.64
ARIZONA,HOSPITALS,METHYLPHENIDATE,1724,88.0,8058.2
ARIZONA,HOSPITALS,OXYCODONE,9143,123.0,33186.82
ARIZONA,PHARMACIES,D-AMPHETAMINE BASE,1100D,752.0,47802.23
ARIZONA,PHARMACIES,DL-AMPHETAMINE BASE,1100B,738.0,24598.95
ARIZONA,PHARMACIES,HYDROCODONE,9193,792.0,196087.72
ARIZONA,PHARMACIES,METHYLPHENIDATE,1724,762.0,123333.89
ARIZONA,PHARMACIES,OXYCODONE,9143,782.0,354239.03
ARIZONA,PRACTITIONERS,D-AMPHETAMINE BASE,1100D,2.0,7.24
ARIZONA,PRACTITIONERS,DL-AMPHETAMINE BASE,1100B,2.0,6.72
ARIZONA,PRACTITIONERS,HYDROCODONE,9193,1598.0,3812.62
ARIZONA,PRACTITIONERS,METHYLPHENIDATE,1724,9.0,720.5
ARIZONA,PRACTITIONERS,OXYCODONE,9143,47.0,214.12
ARKANSAS,HOSPITALS,D-AMPHETAMINE BASE,1100D,36.0,557.99
ARKANSAS,HOSPITALS,DL-AMPHETAMINE BASE,1100B,27.0,339.92
ARKANSAS,HOSPITALS,HYDROCODONE,9193,111.0,3803.06
ARKANSAS,HOSPITALS,METHYLPHENIDATE,1724,73.0,2015.1
ARKANSAS,HOSPITALS,OXYCODONE,9143,102.0,13622.17
ARKANSAS,PHARMACIES,D-AMPHETAMINE BASE,1100D,730.0,28575.89
ARKANSAS,PHARMACIES,DL-AMPHETAMINE BASE,1100B,723.0,17790.34
ARKANSAS,PHARMACIES,HYDROCODONE,9193,765.0,169173.04
ARKANSAS,PHARMACIES,METHYLPHENIDATE,1724,744.0,74694.98
ARKANSAS,PHARMACIES,OXYCODONE,9143,748.0,105774.43
ARKANSAS,PRACTITIONERS,D-AMPHETAMINE BASE,1100D,1.0,132.52
ARKANSAS,PRACTITIONERS,DL-AMPHETAMINE BASE,1100B,1.0,123.23
ARKANSAS,PRACTITIONERS,HYDROCODONE,9193,1053.0,1887.87
ARKANSAS,PRACTITIONERS,METHYLPHENIDATE,1724,8.0,592.15
ARKANSAS,PRACTITIONERS,OXYCODONE,9143,8.0,3.82
CALIFORNIA,HOSPITALS,D-AMPHETAMINE BASE,1100D,263.0,10549.63
CALIFORNIA,HOSPITALS,DL-AMPHETAMINE BASE,1100B,156.0,2656.22
CALIFORNIA,HOSPITALS,HYDROCODONE,9193,741.0,133489.67
CALIFORNIA,HOSPITALS,METHYLPHENIDATE,1724,415.0,36502.46
CALIFORNIA,HOSPITALS,OXYCODONE,9143,593.0,82598.86
CALIFORNIA,PHARMACIES,D-AMPHETAMINE BASE,1100D,4114.0,167264.5
CALIFORNIA,PHARMACIES,DL-AMPHETAMINE BASE,1100B,3836.0,64597.31
CALIFORNIA,PHARMACIES,HYDROCODONE,9193,5126.0,1697407.11
CALIFORNIA,PHARMACIES,METHYLPHENIDATE,1724,4315.0,514164.19
CALIFORNIA,PHARMACIES,OXYCODONE,9143,4299.0,751197.76
CALIFORNIA,PRACTITIONERS,D-AMPHETAMINE BASE,1100D,30.0,121.86
CALIFORNIA,PRACTITIONERS,DL-AMPHETAMINE BASE,1100B,6.0,54.12
CALIFORNIA,PRACTITIONERS,HYDROCODONE,9193,11337.0,36986.46
CALIFORNIA,PRACTITIONERS,METHYLPHENIDATE,1724,19.0,456.52
CALIFORNIA,PRACTITIONERS,OXYCODONE,9143,108.0,521.87
CALIFORNIA,TEACHING INSTITUTIONS,D-AMPHETAMINE BASE,1100D,1.0,0.07
CALIFORNIA,TEACHING INSTITUTIONS,HYDROCODONE,9193,3.0,24.79
COLORADO,HOSPITALS,D-AMPHETAMINE BASE,1100D,65.0,3025.52
COLORADO,HOSPITALS,DL-AMPHETAMINE BASE,1100B,46.0,745.42
COLORADO,HOSPITALS,HYDROCODONE,9193,139.0,12513.45
COLORADO,HOSPITALS,METHYLPHENIDATE,1724,96.0,14023.93
COLORADO,HOSPITALS,OXYCODONE,9143,130.0,25745.51
COLORADO,PHARMACIES,D-AMPHETAMINE BASE,1100D,679.0,25701.29
COLORADO,PHARMACIES,DL-AMPHETAMINE BASE,1100B,648.0,9397.51
COLORADO,PHARMACIES,HYDROCODONE,9193,715.0,146762.44
COLORADO,PHARMACIES,METHYLPHENIDATE,1724,689.0,95509.6
COLORADO,PHARMACIES,OXYCODONE,9143,697.0,170429.95
COLORADO,PRACTITIONERS,D-AMPHETAMINE BASE,1100D,4.0,27.53
COLORADO,PRACTITIONERS,DL-AMPHETAMINE BASE,1100B,3.0,10.56
COLORADO,PRACTITIONERS,HYDROCODONE,9193,1555.0,2532.77
COLORADO,PRACTITIONERS,METHYLPHENIDATE,1724,5.0,412.41
COLORADO,PRACTITIONERS,OXYCODONE,9143,47.0,336.95
CONNECTICUT,HOSPITALS,D-AMPHETAMINE BASE,1100D,39.0,1120.67
CONNECTICUT,HOSPITALS,DL-AMPHETAMINE BASE,1100B,25.0,500.36
CONNECTICUT,HOSPITALS,HYDROCODONE,9193,53.0,1372.96
CONNECTICUT,HOSPITALS,METHYLPHENIDATE,1724,58.0,3579.98
CONNECTICUT,HOSPITALS,OXYCODONE,9143,62.0,17273.35
CONNECTICUT,PHARMACIES,D-AMPHETAMINE BASE,1100D,610.0,30777.48
CONNECTICUT,PHARMACIES,DL-AMPHETAMINE BASE,1100B,591.0,12523.99
CONNECTICUT,PHARMACIES,HYDROCODONE,9193,630.0,96663.26
CONNECTICUT,PHARMACIES,METHYLPHENIDATE,1724,623.0,108752.38
CONNECTICUT,PHARMACIES,OXYCODONE,9143,628.0,321331.35
CONNECTICUT,PRACTITIONERS,D-AMPHETAMINE BASE,1100D,2.0,2.04
CONNECTICUT,PRACTITIONERS,DL-AMPHETAMINE BASE,1100B,1.0,1.87
CONNECTICUT,PRACTITIONERS,HYDROCODONE,9193,1093.0,1069.93
CONNECTICUT,PRACTITIONERS,METHYLPHENIDATE,1724,2.0,143.08
CONNECTICUT,PRACTITIONERS,OXYCODONE,9143,33.0,157.94
CONNECTICUT,TEACHING INSTITUTIONS,D-AMPHETAMINE BASE,1100D,1.0,3.66
DELAWARE,HOSPITALS,D-AMPHETAMINE BASE,1100D,9.0,244.11
DELAWARE,HOSPITALS,DL-AMPHETAMINE BASE,1100B,9.0,175.36
DELAWARE,HOSPITALS,HYDROCODONE,9193,16.0,614.65
DELAWARE,HOSPITALS,METHYLPHENIDATE,1724,16.0,875.57
DELAWARE,HOSPITALS,OXYCODONE,9143,21.0,6579.19
DELAWARE,PHARMACIES,D-AMPHETAMINE BASE,1100D,141.0,13486.67
DELAWARE,PHARMACIES,DL-AMPHETAMINE BASE,1100B,141.0,9515.99
DELAWARE,PHARMACIES,HYDROCODONE,9193,143.0,21345.01
DELAWARE,PHARMACIES,METHYLPHENIDATE,1724,141.0,33601.5
DELAWARE,PHARMACIES,OXYCODONE,9143,142.0,73090.3
DELAWARE,PRACTITIONERS,D-AMPHETAMINE BASE,1100D,1.0,0.69
DELAWARE,PRACTITIONERS,DL-AMPHETAMINE BASE,1100B,1.0,0.64
DELAWARE,PRACTITIONERS,HYDROCODONE,9193,140.0,217.63
DELAWARE,PRACTITIONERS,METHYLPHENIDATE,1724,3.0,233.66
DELAWARE,PRACTITIONERS,OXYCODONE,9143,4.0,2.27
DISTRICT OF COLUMBIA,HOSPITALS,D-AMPHETAMINE BASE,1100D,15.0,214.86
DISTRICT OF COLUMBIA,HOSPITALS,DL-AMPHETAMINE BASE,1100B,10.0,68.2
DISTRICT OF COLUMBIA,HOSPITALS,HYDROCODONE,9193,17.0,379.63
DISTRICT OF COLUMBIA,HOSPITALS,METHYLPHENIDATE,1724,20.0,1024.9
DISTRICT OF COLUMBIA,HOSPITALS,OXYCODONE,9143,25.0,7747.19
DISTRICT OF COLUMBIA,PHARMACIES,D-AMPHETAMINE BASE,1100D,98.0,3819.2
DISTRICT OF COLUMBIA,PHARMACIES,DL-AMPHETAMINE BASE,1100B,96.0,1369.91
DISTRICT OF COLUMBIA,PHARMACIES,HYDROCODONE,9193,109.0,6568.91
DISTRICT OF COLUMBIA,PHARMACIES,METHYLPHENIDATE,1724,99.0,12566.24
DISTRICT OF COLUMBIA,PHARMACIES,OXYCODONE,9143,101.0,24209.01
DISTRICT OF COLUMBIA,PRACTITIONERS,HYDROCODONE,9193,232.0,459.81
DISTRICT OF COLUMBIA,PRACTITIONERS,METHYLPHENIDATE,1724,3.0,25.05
DISTRICT OF COLUMBIA,PRACTITIONERS,OXYCODONE,9143,4.0,7.34
FLORIDA,HOSPITALS,D-AMPHETAMINE BASE,1100D,128.0,3258.24
FLORIDA,HOSPITALS,DL-AMPHETAMINE BASE,1100B,96.0,1415.76
FLORIDA,HOSPITALS,HYDROCODONE,9193,366.0,18593.9
FLORIDA,HOSPITALS,METHYLPHENIDATE,1724,232.0,14186.76
FLORIDA,HOSPITALS,OXYCODONE,9143,390.0,89534.52
FLORIDA,PHARMACIES,D-AMPHETAMINE BASE,1100D,2984.0,130916.25
FLORIDA,PHARMACIES,DL-AMPHETAMINE BASE,1100B,2946.0,77207.15
FLORIDA,PHARMACIES,HYDROCODONE,9193,3416.0,940837.42
FLORIDA,PHARMACIES,METHYLPHENIDATE,1724,3084.0,389446.36
FLORIDA,PHARMACIES,OXYCODONE,9143,3206.0,1476974.16
FLORIDA,PRACTITIONERS,D-AMPHETAMINE BASE,1100D,10.0,139.23
FLORIDA,PRACTITIONERS,DL-AMPHETAMINE BASE,1100B,7.0,120.1
FLORIDA,PRACTITIONERS,HYDROCODONE,9193,7001.0,23606.9
FLORIDA,PRACTITIONERS,METHYLPHENIDATE,1724,13.0,555.23
FLORIDA,PRACTITIONERS,OXYCODONE,9143,65.0,2671.78
FLORIDA,TEACHING INSTITUTIONS,HYDROCODONE,9193,2.0,0.9
GEORGIA,HOSPITALS,D-AMPHETAMINE BASE,1100D,79.0,3014.71
GEORGIA,HOSPITALS,DL-AMPHETAMINE BASE,1100B,68.0,1499.76
GEORGIA,HOSPITALS,HYDROCODONE,9193,212.0,11074.4
GEORGIA,HOSPITALS,METHYLPHENIDATE,1724,146.0,12996.18
GEORGIA,HOSPITALS,OXYCODONE,9143,209.0,38526.73
GEORGIA,PHARMACIES,D-AMPHETAMINE BASE,1100D,1800.0,72782.74
GEORGIA,PHARMACIES,DL-AMPHETAMINE BASE,1100B,1779.0,44756.46
GEORGIA,PHARMACIES,HYDROCODONE,9193,1909.0,457183.69
GEORGIA,PHARMACIES,METHYLPHENIDATE,1724,1864.0,266529.94
GEORGIA,PHARMACIES,OXYCODONE,9143,1870.0,397918.75
GEORGIA,PRACTITIONERS,D-AMPHETAMINE BASE,1100D,5.0,16.29
GEORGIA,PRACTITIONERS,DL-AMPHETAMINE BASE,1100B,3.0,3.51
GEORGIA,PRACTITIONERS,HYDROCODONE,9193,3806.0,7272.49
GEORGIA,PRACTITIONERS,METHYLPHENIDATE,1724,5.0,282.96
GEORGIA,PRACTITIONERS,OXYCODONE,9143,37.0,195.65
HAWAII,HOSPITALS,D-AMPHETAMINE BASE,1100D,15.0,979.62
HAWAII,HOSPITALS,DL-AMPHETAMINE BASE,1100B,11.0,181.31
HAWAII,HOSPITALS,HYDROCODONE,9193,38.0,2108.61
HAWAII,HOSPITALS,METHYLPHENIDATE,1724,26.0,3625.69
HAWAII,HOSPITALS,OXYCODONE,9143,40.0,9573.54
HAWAII,PHARMACIES,D-AMPHETAMINE BASE,1100D,136.0,3144.13
HAWAII,PHARMACIES,DL-AMPHETAMINE BASE,1100B,99.0,601.03
HAWAII,PHARMACIES,HYDROCODONE,9193,167.0,29749.35
HAWAII,PHARMACIES,METHYLPHENIDATE,1724,147.0,11701.62
HAWAII,PHARMACIES,OXYCODONE,9143,159.0,47340.95
HAWAII,PRACTITIONERS,D-AMPHETAMINE BASE,1100D,1.0,9.78
HAWAII,PRACTITIONERS,DL-AMPHETAMINE BASE,1100B,1.0,9.09
HAWAII,PRACTITIONERS,HYDROCODONE,9193,203.0,825.7
HAWAII,PRACTITIONERS,OXYCODONE,9143,4.0,15.26
IDAHO,HOSPITALS,D-AMPHETAMINE BASE,1100D,21.0,202.59
IDAHO,HOSPITALS,DL-AMPHETAMINE BASE,1100B,18.0,79.82
IDAHO,HOSPITALS,HYDROCODONE,9193,60.0,5876.94
IDAHO,HOSPITALS,METHYLPHENIDATE,1724,33.0,1990.5
IDAHO,HOSPITALS,OXYCODONE,9143,58.0,5446.78
IDAHO,PHARMACIES,D-AMPHETAMINE BASE,1100D,258.0,9127.43
IDAHO,PHARMACIES,DL-AMPHETAMINE BASE,1100B,250.0,4454.15
IDAHO,PHARMACIES,HYDROCODONE,9193,275.0,73807.34
IDAHO,PHARMACIES,METHYLPHENIDATE,1724,268.0,39824.14
IDAHO,PHARMACIES,OXYCODONE,9143,267.0,38338.24
IDAHO,PRACTITIONERS,HYDROCODONE,9193,489.0,1097.27
IDAHO,PRACTITIONERS,METHYLPHENIDATE,1724,1.0,87.16
IDAHO,PRACTITIONERS,OXYCODONE,9143,7.0,4.7
ILLINOIS,HOSPITALS,D-AMPHETAMINE BASE,1100D,91.0,959.24
ILLINOIS,HOSPITALS,DL-AMPHETAMINE BASE,1100B,64.0,355.78
ILLINOIS,HOSPITALS,HYDROCODONE,9193,254.0,17968.07
ILLINOIS,HOSPITALS,METHYLPHENIDATE,1724,197.0,7563.11
ILLINOIS,HOSPITALS,OXYCODONE,9143,212.0,12891.61
ILLINOIS,PHARMACIES,D-AMPHETAMINE BASE,1100D,1963.0,66663.99
ILLINOIS,PHARMACIES,DL-AMPHETAMINE BASE,1100B,1921.0,39064.33
ILLINOIS,PHARMACIES,HYDROCODONE,9193,2300.0,412978.66
ILLINOIS,PHARMACIES,METHYLPHENIDATE,1724,2094.0,373800.09
ILLINOIS,PHARMACIES,OXYCODONE,9143,1960.0,180815.05
ILLINOIS,PRACTITIONERS,D-AMPHETAMINE BASE,1100D,10.0,72.86
ILLINOIS,PRACTITIONERS,DL-AMPHETAMINE BASE,1100B,1.0,29.3
ILLINOIS,PRACTITIONERS,HYDROCODONE,9193,4101.0,6359.9
ILLINOIS,PRACTITIONERS,METHYLPHENIDATE,1724,12.0,324.11
ILLINOIS,PRACTITIONERS,OXYCODONE,9143,24.0,98.37
ILLINOIS,TEACHING INSTITUTIONS,HYDROCODONE,9193,1.0,4.2
ILLINOIS,TEACHING INSTITUTIONS,OXYCODONE,9143,1.0,0.26
INDIANA,HOSPITALS,D-AMPHETAMINE BASE,1100D,84.0,1260.13
INDIANA,HOSPITALS,DL-AMPHETAMINE BASE,1100B,64.0,778.62
INDIANA,HOSPITALS,HYDROCODONE,9193,203.0,18131.36
INDIANA,HOSPITALS,METHYLPHENIDATE,1724,127.0,4581.66
INDIANA,HOSPITALS,OXYCODONE,9143,172.0,26907.35
INDIANA,PHARMACIES,D-AMPHETAMINE BASE,1100D,1129.0,59210.57
INDIANA,PHARMACIES,DL-AMPHETAMINE BASE,1100B,1121.0,36960.24
INDIANA,PHARMACIES,HYDROCODONE,9193,1172.0,393590.13
INDIANA,PHARMACIES,METHYLPHENIDATE,1724,1137.0,205182.24
INDIANA,PHARMACIES,OXYCODONE,9143,1139.0,272242.33
INDIANA,PRACTITIONERS,D-AMPHETAMINE BASE,1100D,5.0,14.6
INDIANA,PRACTITIONERS,DL-AMPHETAMINE BASE,1100B,4.0,10.5
INDIANA,PRACTITIONERS,HYDROCODONE,9193,2823.0,6270.98
INDIANA,PRACTITIONERS,METHYLPHENIDATE,1724,6.0,511.54
INDIANA,PRACTITIONERS,OXYCODONE,9143,14.0,120.17
IOWA,HOSPITALS,D-AMPHETAMINE BASE,1100D,45.0,730.16
IOWA,HOSPITALS,DL-AMPHETAMINE BASE,1100B,32.0,154.11
IOWA,HOSPITALS,HYDROCODONE,9193,134.0,4758.36
IOWA,HOSPITALS,METHYLPHENIDATE,1724,76.0,3581.01
IOWA,HOSPITALS,OXYCODONE,9143,127.0,10722.8
IOWA,PHARMACIES,D-AMPHETAMINE BASE,1100D,754.0,28834.8
IOWA,PHARMACIES,DL-AMPHETAMINE BASE,1100B,734.0,12921.1
IOWA,PHARMACIES,HYDROCODONE,9193,809.0,77298.28
IOWA,PHARMACIES,METHYLPHENIDATE,1724,789.0,127011.34
IOWA,PHARMACIES,OXYCODONE,9143,791.0,67583.2
IOWA,PRACTITIONERS,D-AMPHETAMINE BASE,1100D,1.0,0.97
IOWA,PRACTITIONERS,DL-AMPHETAMINE BASE,1100B,1.0,0.9
IOWA,PRACTITIONERS,HYDROCODONE,9193,624.0,846.34
IOWA,PRACTITIONERS,METHYLPHENIDATE,1724,2.0,8.8
IOWA,PRACTITIONERS,OXYCODONE,9143,10.0,4.78
KANSAS,HOSPITALS,D-AMPHETAMINE BASE,1100D,41.0,962.65
KANSAS,HOSPITALS,DL-AMPHETAMINE BASE,1100B,34.0,529.26
KANSAS,HOSPITALS,HYDROCODONE,9193,163.0,7951.1
KANSAS,HOSPITALS,METHYLPHENIDATE,1724,70.0,3585.59
KANSAS,HOSPITALS,OXYCODONE,9143,139.0,11596.61
KANSAS,PHARMACIES,D-AMPHETAMINE BASE,1100D,576.0,27475.07
KANSAS,PHARMACIES,DL-AMPHETAMINE BASE,1100B,557.0,13843.96
KANSAS,PHARMACIES,HYDROCODONE,9193,607.0,105227.72
KANSAS,PHARMACIES,METHYLPHENIDATE,1724,591.0,79753.51
KANSAS,PHARMACIES,OXYCODONE,9143,598.0,85454.6
KANSAS,PRACTITIONERS,D-AMPHETAMINE BASE,1100D,1.0,8.0
KANSAS,PRACTITIONERS,DL-AMPHETAMINE BASE,1100B,1.0,2.64
KANSAS,PRACTITIONERS,HYDROCODONE,9193,157.0,394.42
KANSAS,PRACTITIONERS,METHYLPHENIDATE,1724,3.0,231.65
KANSAS,PRACTITIONERS,OXYCODONE,9143,14.0,3.85
KENTUCKY,HOSPITALS,D-AMPHETAMINE BASE,1100D,41.0,1402.69
KENTUCKY,HOSPITALS,DL-AMPHETAMINE BASE,1100B,34.0,696.86
KENTUCKY,HOSPITALS,HYDROCODONE,9193,135.0,13317.35
KENTUCKY,HOSPITALS,METHYLPHENIDATE,1724,84.0,3863.64
KENTUCKY,HOSPITALS,OXYCODONE,9143,132.0,25169.02
KENTUCKY,PHARMACIES,D-AMPHETAMINE BASE,1100D,969.0,36176.68
KENTUCKY,PHARMACIES,DL-AMPHETAMINE BASE,1100B,953.0,20700.54
KENTUCKY,PHARMACIES,HYDROCODONE,9193,1031.0,378856.72
KENTUCKY,PHARMACIES,METHYLPHENIDATE,1724,987.0,104021.53
KENTUCKY,PHARMACIES,OXYCODONE,9143,1018.0,301857.96
KENTUCKY,PRACTITIONERS,D-AMPHETAMINE BASE,1100D,1.0,19.8
KENTUCKY,PRACTITIONERS,HYDROCODONE,9193,204.0,686.76
KENTUCKY,PRACTITIONERS,METHYLPHENIDATE,1724,1.0,7.47
KENTUCKY,PRACTITIONERS,OXYCODONE,9143,5.0,1.44
LOUISIANA,HOSPITALS,D-AMPHETAMINE BASE,1100D,67.0,605.14
LOUISIANA,HOSPITALS,DL-AMPHETAMINE BASE,1100B,48.0,316.26
LOUISIANA,HOSPITALS,HYDROCODONE,9193,187.0,6255.37
LOUISIANA,HOSPITALS,METHYLPHENIDATE,1724,141.0,2974.56
LOUISIANA,HOSPITALS,OXYCODONE,9143,175.0,23079.97
LOUISIANA,PHARMACIES,D-AMPHETAMINE BASE,1100D,1052.0,48410.47
LOUISIANA,PHARMACIES,DL-AMPHETAMINE BASE,1100B,1037.0,27115.3
LOUISIANA,PHARMACIES,HYDROCODONE,9193,1142.0,367171.23
LOUISIANA,PHARMACIES,METHYLPHENIDATE,1724,1092.0,122421.66
LOUISIANA,PHARMACIES,OXYCODONE,9143,1105.0,207497.51
LOUISIANA,PRACTITIONERS,D-AMPHETAMINE BASE,1100D,4.0,8.49
LOUISIANA,PRACTITIONERS,DL-AMPHETAMINE BASE,1100B,2.0,4.48
LOUISIANA,PRACTITIONERS,HYDROCODONE,9193,2874.0,6190.33
LOUISIANA,PRACTITIONERS,METHYLPHENIDATE,1724,5.0,111.33
LOUISIANA,PRACTITIONERS,OXYCODONE,9143,16.0,59.1
LOUISIANA,TEACHING INSTITUTIONS,D-AMPHETAMINE BASE,1100D,1.0,1.77
LOUISIANA,TEACHING INSTITUTIONS,DL-AMPHETAMINE BASE,1100B,1.0,1.63
LOUISIANA,TEACHING INSTITUTIONS,HYDROCODONE,9193,2.0,4.38
LOUISIANA,TEACHING INSTITUTIONS,METHYLPHENIDATE,1724,1.0,1.72
LOUISIANA,TEACHING INSTITUTIONS,OXYCODONE,9143,1.0,2.65
MAINE,HOSPITALS,D-AMPHETAMINE BASE,1100D,20.0,289.59
MAINE,HOSPITALS,DL-AMPHETAMINE BASE,1100B,16.0,79.04
MAINE,HOSPITALS,HYDROCODONE,9193,48.0,1910.09
MAINE,HOSPITALS,METHYLPHENIDATE,1724,32.0,1115.93
MAINE,HOSPITALS,OXYCODONE,9143,49.0,11766.72
MAINE,PHARMACIES,D-AMPHETAMINE BASE,1100D,248.0,13085.55
MAINE,PHARMACIES,DL-AMPHETAMINE BASE,1100B,245.0,4717.88
MAINE,PHARMACIES,HYDROCODONE,9193,257.0,39435.68
MAINE,PHARMACIES,METHYLPHENIDATE,1724,250.0,46125.75
MAINE,PHARMACIES,OXYCODONE,9143,250.0,115956.8
MAINE,PRACTITIONERS,HYDROCODONE,9193,267.0,496.9
MAINE,PRACTITIONERS,METHYLPHENIDATE,1724,1.0,4.31
MAINE,PRACTITIONERS,OXYCODONE,9143,11.0,77.48
MARYLAND,HOSPITALS,D-AMPHETAMINE BASE,1100D,53.0,3556.75
MARYLAND,HOSPITALS,DL-AMPHETAMINE BASE,1100B,43.0,1147.99
MARYLAND,HOSPITALS,HYDROCODONE,9193,79.0,2479.08
MARYLAND,HOSPITALS,METHYLPHENIDATE,1724,76.0,10068.66
MARYLAND,HOSPITALS,OXYCODONE,9143,92.0,39124.03
MARYLAND,PHARMACIES,D-AMPHETAMINE BASE,1100D,974.0,56381.97
MARYLAND,PHARMACIES,DL-AMPHETAMINE BASE,1100B,960.0,26305.1
MARYLAND,PHARMACIES,HYDROCODONE,9193,1023.0,129154.65
MARYLAND,PHARMACIES,METHYLPHENIDATE,1724,996.0,180971.8
MARYLAND,PHARMACIES,OXYCODONE,9143,1021.0,430504.3
MARYLAND,PRACTITIONERS,D-AMPHETAMINE BASE,1100D,2.0,18.32
MARYLAND,PRACTITIONERS,HYDROCODONE,9193,1671.0,3212.05
MARYLAND,PRACTITIONERS,METHYLPHENIDATE,1724,5.0,169.5
MARYLAND,PRACTITIONERS,OXYCODONE,9143,35.0,79.14
MARYLAND,TEACHING INSTITUTIONS,OXYCODONE,9143,1.0,0.13
MASSACHUSETTS,HOSPITALS,D-AMPHETAMINE BASE,1100D,141.0,5237.07
MASSACHUSETTS,HOSPITALS,DL-AMPHETAMINE BASE,1100B,101.0,1487.61
MASSACHUSETTS,HOSPITALS,HYDROCODONE,9193,189.0,7810.62
MASSACHUSETTS,HOSPITALS,METHYLPHENIDATE,1724,195.0,27642.47
MASSACHUSETTS,HOSPITALS,OXYCODONE,9143,227.0,69383.54
MASSACHUSETTS,PHARMACIES,D-AMPHETAMINE BASE,1100D,1005.0,61744.52
MASSACHUSETTS,PHARMACIES,DL-AMPHETAMINE BASE,1100B,990.0,31835.12
MASSACHUSETTS,PHARMACIES,HYDROCODONE,9193,1028.0,137761.38
MASSACHUSETTS,PHARMACIES,METHYLPHENIDATE,1724,1013.0,250281.09
MASSACHUSETTS,PHARMACIES,OXYCODONE,9143,1022.0,491734.96
MASSACHUSETTS,PRACTITIONERS,D-AMPHETAMINE BASE,1100D,3.0,13.19
MASSACHUSETTS,PRACTITIONERS,HYDROCODONE,9193,891.0,1087.5
MASSACHUSETTS,PRACTITIONERS,METHYLPHENIDATE,1724,3.0,225.05
MASSACHUSETTS,PRACTITIONERS,OXYCODONE,9143,29.0,55.2
MICHIGAN,HOSPITALS,D-AMPHETAMINE BASE,1100D,118.0,2014.54
MICHIGAN,HOSPITALS,DL-AMPHETAMINE BASE,1100B,98.0,1008.51
MICHIGAN,HOSPITALS,HYDROCODONE,9193,235.0,23194.72
MICHIGAN,HOSPITALS,METHYLPHENIDATE,1724,182.0,13702.81
MICHIGAN,HOSPITALS,OXYCODONE,9143,197.0,33665.73
MICHIGAN,PHARMACIES,D-AMPHETAMINE BASE,1100D,1864.0,69252.07
MICHIGAN,PHARMACIES,DL-AMPHETAMINE BASE,1100B,1846.0,46059.37
MICHIGAN,PHARMACIES,HYDROCODONE,9193,2100.0,501157.45
MICHIGAN,PHARMACIES,METHYLPHENIDATE,1724,1981.0,446950.5
MICHIGAN,PHARMACIES,OXYCODONE,9143,1851.0,395851.62
MICHIGAN,PRACTITIONERS,D-AMPHETAMINE BASE,1100D,2.0,5.12
MICHIGAN,PRACTITIONERS,HYDROCODONE,9193,2477.0,4637.36
MICHIGAN,PRACTITIONERS,METHYLPHENIDATE,1724,13.0,1064.88
MICHIGAN,PRACTITIONERS,OXYCODONE,9143,12.0,183.51
MICHIGAN,TEACHING INSTITUTIONS,D-AMPHETAMINE BASE,1100D,1.0,196.78
MICHIGAN,TEACHING INSTITUTIONS,DL-AMPHETAMINE BASE,1100B,1.0,139.83
MICHIGAN,TEACHING INSTITUTIONS,HYDROCODONE,9193,1.0,109.91
MICHIGAN,TEACHING INSTITUTIONS,METHYLPHENIDATE,1724,1.0,415.44
MICHIGAN,TEACHING INSTITUTIONS,OXYCODONE,9143,1.0,331.47
MINNESOTA,HOSPITALS,D-AMPHETAMINE BASE,1100D,54.0,774.05
MINNESOTA,HOSPITALS,DL-AMPHETAMINE BASE,1100B,48.0,293.47
MINNESOTA,HOSPITALS,HYDROCODONE,9193,151.0,6795.37
MINNESOTA,HOSPITALS,METHYLPHENIDATE,1724,86.0,4124.72
MINNESOTA,HOSPITALS,OXYCODONE,9143,147.0,28136.05
MINNESOTA,PHARMACIES,D-AMPHETAMINE BASE,1100D,941.0,54287.22
MINNESOTA,PHARMACIES,DL-AMPHETAMINE BASE,1100B,936.0,23710.14
MINNESOTA,PHARMACIES,HYDROCODONE,9193,972.0,74832.67
MINNESOTA,PHARMACIES,METHYLPHENIDATE,1724,952.0,175295.08
MINNESOTA,PHARMACIES,OXYCODONE,9143,966.0,144177.78
MINNESOTA,PRACTITIONERS,D-AMPHETAMINE BASE,1100D,2.0,2.93
MINNESOTA,PRACTITIONERS,HYDROCODONE,9193,564.0,755.92
MINNESOTA,PRACTITIONERS,METHYLPHENIDATE,1724,3.0,14.93
MINNESOTA,PRACTITIONERS,OXYCODONE,9143,30.0,18.16
MISSISSIPPI,HOSPITALS,D-AMPHETAMINE BASE,1100D,43.0,764.53
MISSISSIPPI,HOSPITALS,DL-AMPHETAMINE BASE,1100B,37.0,501.53
MISSISSIPPI,HOSPITALS,HYDROCODONE,9193,140.0,3917.65
MISSISSIPPI,HOSPITALS,METHYLPHENIDATE,1724,79.0,2902.65
MISSISSIPPI,HOSPITALS,OXYCODONE,9143,127.0,11069.89
MISSISSIPPI,PHARMACIES,D-AMPHETAMINE BASE,1100D,737.0,19869.47
MISSISSIPPI,PHARMACIES,DL-AMPHETAMINE BASE,1100B,729.0,13161.25
MISSISSIPPI,PHARMACIES,HYDROCODONE,9193,788.0,170413.49
MISSISSIPPI,PHARMACIES,METHYLPHENIDATE,1724,741.0,47764.0
MISSISSIPPI,PHARMACIES,OXYCODONE,9143,770.0,123736.1
MISSISSIPPI,PRACTITIONERS,D-AMPHETAMINE BASE,1100D,1.0,0.32
MISSISSIPPI,PRACTITIONERS,DL-AMPHETAMINE BASE,1100B,1.0,0.29
MISSISSIPPI,PRACTITIONERS,HYDROCODONE,9193,1087.0,1861.42
MISSISSIPPI,PRACTITIONERS,OXYCODONE,9143,1.0,0.86
MISSOURI,HOSPITALS,D-AMPHETAMINE BASE,1100D,75.0,1717.23
MISSOURI,HOSPITALS,DL-AMPHETAMINE BASE,1100B,54.0,690.56
MISSOURI,HOSPITALS,HYDROCODONE,9193,169.0,11323.07
MISSOURI,HOSPITALS,METHYLPHENIDATE,1724,125.0,5236.87
MISSOURI,HOSPITALS,OXYCODONE,9143,163.0,38781.88
MISSOURI,PHARMACIES,D-AMPHETAMINE BASE,1100D,1092.0,65965.98
MISSOURI,PHARMACIES,DL-AMPHETAMINE BASE,1100B,1080.0,35778.11
MISSOURI,PHARMACIES,HYDROCODONE,9193,1139.0,227690.28
MISSOURI,PHARMACIES,METHYLPHENIDATE,1724,1112.0,184562.77
MISSOURI,PHARMACIES,OXYCODONE,9143,1125.0,446652.58
MISSOURI,PRACTITIONERS,D-AMPHETAMINE BASE,1100D,2.0,3.38
MISSOURI,PRACTITIONERS,DL-AMPHETAMINE BASE,1100B,2.0,1.74
MISSOURI,PRACTITIONERS,HYDROCODONE,9193,1158.0,1799.05
MISSOURI,PRACTITIONERS,METHYLPHENIDATE,1724,5.0,130.65
MISSOURI,PRACTITIONERS,OXYCODONE,9143,15.0,43.0
MISSOURI,TEACHING INSTITUTIONS,OXYCODONE,9143,1.0,0.01
MONTANA,HOSPITALS,D-AMPHETAMINE BASE,1100D,31.0,795.05
MONTANA,HOSPITALS,DL-AMPHETAMINE BASE,1100B,20.0,214.81
MONTANA,HOSPITALS,HYDROCODONE,9193,65.0,4326.46
MONTANA,HOSPITALS,METHYLPHENIDATE,1724,46.0,3613.19
MONTANA,HOSPITALS,OXYCODONE,9143,68.0,11075.51
MONTANA,PHARMACIES,D-AMPHETAMINE BASE,1100D,246.0,10797.41
MONTANA,PHARMACIES,DL-AMPHETAMINE BASE,1100B,230.0,2944.02
MONTANA,PHARMACIES,HYDROCODONE,9193,267.0,36859.34
MONTANA,PHARMACIES,METHYLPHENIDATE,1724,257.0,30259.18
MONTANA,PHARMACIES,OXYCODONE,9143,258.0,42199.13
MONTANA,PRACTITIONERS,HYDROCODONE,9193,265.0,339.19
MONTANA,PRACTITIONERS,OXYCODONE,9143,4.0,8.38
NEBRASKA,HOSPITALS,D-AMPHETAMINE BASE,1100D,26.0,651.51
NEBRASKA,HOSPITALS,DL-AMPHETAMINE BASE,1100B,21.0,381.81
NEBRASKA,HOSPITALS,HYDROCODONE,9193,100.0,3368.2
NEBRASKA,HOSPITALS,METHYLPHENIDATE,1724,51.0,2539.92
NEBRASKA,HOSPITALS,OXYCODONE,9143,91.0,8367.96
NEBRASKA,PHARMACIES,D-AMPHETAMINE BASE,1100D,430.0,13835.17
NEBRASKA,PHARMACIES,DL-AMPHETAMINE BASE,1100B,424.0,9568.7
NEBRASKA,PHARMACIES,HYDROCODONE,9193,471.0,54216.45
NEBRASKA,PHARMACIES,METHYLPHENIDATE,1724,448.0,48639.93
NEBRASKA,PHARMACIES,OXYCODONE,9143,451.0,52460.11
NEBRASKA,PRACTITIONERS,HYDROCODONE,9193,540.0,514.82
NEBRASKA,PRACTITIONERS,METHYLPHENIDATE,1724,3.0,231.36
NEBRASKA,PRACTITIONERS,OXYCODONE,9143,12.0,12.36
NEVADA,HOSPITALS,D-AMPHETAMINE BASE,1100D,19.0,349.52
NEVADA,HOSPITALS,DL-AMPHETAMINE BASE,1100B,12.0,100.38
NEVADA,HOSPITALS,HYDROCODONE,9193,63.0,9259.48
NEVADA,HOSPITALS,METHYLPHENIDATE,1724,36.0,1789.64
NEVADA,HOSPITALS,OXYCODONE,9143,58.0,14840.2
NEVADA,PHARMACIES,D-AMPHETAMINE BASE,1100D,335.0,15125.52
NEVADA,PHARMACIES,DL-AMPHETAMINE BASE,1100B,329.0,8355.43
NEVADA,PHARMACIES,HYDROCODONE,9193,372.0,174969.87
NEVADA,PHARMACIES,METHYLPHENIDATE,1724,347.0,38979.66
NEVADA,PHARMACIES,OXYCODONE,9143,355.0,129635.59
NEVADA,PRACTITIONERS,HYDROCODONE,9193,865.0,2656.44
NEVADA,PRACTITIONERS,METHYLPHENIDATE,1724,2.0,155.2
NEVADA,PRACTITIONERS,OXYCODONE,9143,10.0,31.25
NEW HAMPSHIRE,HOSPITALS,D-AMPHETAMINE BASE,1100D,18.0,251.13
NEW HAMPSHIRE,HOSPITALS,DL-AMPHETAMINE BASE,1100B,11.0,106.1
NEW HAMPSHIRE,HOSPITALS,HYDROCODONE,9193,38.0,872.33
NEW HAMPSHIRE,HOSPITALS,METHYLPHENIDATE,1724,31.0,1228.69
NEW HAMPSHIRE,HOSPITALS,OXYCODONE,9143,38.0,8443.96
NEW HAMPSHIRE,PHARMACIES,D-AMPHETAMINE BASE,1100D,224.0,14022.77
NEW HAMPSHIRE,PHARMACIES,DL-AMPHETAMINE BASE,1100B,222.0,7317.17
NEW HAMPSHIRE,PHARMACIES,HYDROCODONE,9193,250.0,28761.9
NEW HAMPSHIRE,PHARMACIES,METHYLPHENIDATE,1724,225.0,65349.52
NEW HAMPSHIRE,PHARMACIES,OXYCODONE,9143,226.0,114209.19
NEW HAMPSHIRE,PRACTITIONERS,D-AMPHETAMINE BASE,1100D,1.0,2.26
NEW HAMPSHIRE,PRACTITIONERS,DL-AMPHETAMINE BASE,1100B,1.0,2.1
NEW HAMPSHIRE,PRACTITIONERS,HYDROCODONE,9193,141.0,126.39
NEW HAMPSHIRE,PRACTITIONERS,OXYCODONE,9143,10.0,17.14
NEW JERSEY,HOSPITALS,D-AMPHETAMINE BASE,1100D,47.0,406.89
NEW JERSEY,HOSPITALS,DL-AMPHETAMINE BASE,1100B,36.0,237.4
NEW JERSEY,HOSPITALS,HYDROCODONE,9193,105.0,704.41
NEW JERSEY,HOSPITALS,METHYLPHENIDATE,1724,91.0,1977.13
NEW JERSEY,HOSPITALS,OXYCODONE,9143,124.0,31099.44
NEW JERSEY,PHARMACIES,D-AMPHETAMINE BASE,1100D,1732.0,45960.33
NEW JERSEY,PHARMACIES,DL-AMPHETAMINE BASE,1100B,1689.0,29644.41
NEW JERSEY,PHARMACIES,HYDROCODONE,9193,1842.0,200902.7
NEW JERSEY,PHARMACIES,METHYLPHENIDATE,1724,1774.0,172880.09
NEW JERSEY,PHARMACIES,OXYCODONE,9143,1818.0,504985.91
NEW JERSEY,PRACTITIONERS,D-AMPHETAMINE BASE,1100D,3.0,16.09
NEW JERSEY,PRACTITIONERS,HYDROCODONE,9193,3361.0,3318.4
NEW JERSEY,PRACTITIONERS,METHYLPHENIDATE,1724,6.0,356.66
NEW JERSEY,PRACTITIONERS,OXYCODONE,9143,56.0,155.16
NEW MEXICO,HOSPITALS,D-AMPHETAMINE BASE,1100D,32.0,1037.86
NEW MEXICO,HOSPITALS,DL-AMPHETAMINE BASE,1100B,18.0,126.67
NEW MEXICO,HOSPITALS,HYDROCODONE,9193,79.0,3024.69
NEW MEXICO,HOSPITALS,METHYLPHENIDATE,1724,55.0,4660.08
NEW MEXICO,HOSPITALS,OXYCODONE,9143,77.0,13184.56
NEW MEXICO,PHARMACIES,D-AMPHETAMINE BASE,1100D,267.0,15267.21
NEW MEXICO,PHARMACIES,DL-AMPHETAMINE BASE,1100B,243.0,4222.61
NEW MEXICO,PHARMACIES,HYDROCODONE,9193,281.0,67244.77
NEW MEXICO,PHARMACIES,METHYLPHENIDATE,1724,268.0,42659.21
NEW MEXICO,PHARMACIES,OXYCODONE,9143,276.0,77408.3
NEW MEXICO,PRACTITIONERS,D-AMPHETAMINE BASE,1100D,2.0,8.05
NEW MEXICO,PRACTITIONERS,HYDROCODONE,9193,315.0,958.28
NEW MEXICO,PRACTITIONERS,OXYCODONE,9143,4.0,14.27
NEW YORK,HOSPITALS,D-AMPHETAMINE BASE,1100D,164.0,1975.5
NEW YORK,HOSPITALS,DL-AMPHETAMINE BASE,1100B,105.0,670.68
NEW YORK,HOSPITALS,HYDROCODONE,9193,341.0,14106.15
NEW YORK,HOSPITALS,METHYLPHENIDATE,1724,327.0,12148.44
NEW YORK,HOSPITALS,OXYCODONE,9143,399.0,84921.47
NEW YORK,PHARMACIES,D-AMPHETAMINE BASE,1100D,3366.0,90251.36
NEW YORK,PHARMACIES,DL-AMPHETAMINE BASE,1100B,3041.0,36280.7
NEW YORK,PHARMACIES,HYDROCODONE,9193,3982.0,567401.28
NEW YORK,PHARMACIES,METHYLPHENIDATE,1724,3613.0,419598.16
NEW YORK,PHARMACIES,OXYCODONE,9143,3674.0,449054.55
NEW YORK,PRACTITIONERS,D-AMPHETAMINE BASE,1100D,24.0,88.22
NEW YORK,PRACTITIONERS,DL-AMPHETAMINE BASE,1100B,4.0,10.56
NEW YORK,PRACTITIONERS,HYDROCODONE,9193,875.0,2182.97
NEW YORK,PRACTITIONERS,METHYLPHENIDATE,1724,14.0,570.33
NEW YORK,PRACTITIONERS,OXYCODONE,9143,87.0,145.37
NEW YORK,TEACHING INSTITUTIONS,D-AMPHETAMINE BASE,1100D,2.0,26.59
NEW YORK,TEACHING INSTITUTIONS,DL-AMPHETAMINE BASE,1100B,1.0,17.9
NEW YORK,TEACHING INSTITUTIONS,OXYCODONE,9143,1.0,18.0
NORTH CAROLINA,HOSPITALS,D-AMPHETAMINE BASE,1100D,77.0,2506.27
NORTH CAROLINA,HOSPITALS,DL-AMPHETAMINE BASE,1100B,62.0,1043.27
NORTH CAROLINA,HOSPITALS,HYDROCODONE,9193,215.0,13766.96
NORTH CAROLINA,HOSPITALS,METHYLPHENIDATE,1724,151.0,9390.12
NORTH CAROLINA,HOSPITALS,OXYCODONE,9143,193.0,52069.74
NORTH CAROLINA,PHARMACIES,D-AMPHETAMINE BASE,1100D,1583.0,85285.03
NORTH CAROLINA,PHARMACIES,DL-AMPHETAMINE BASE,1100B,1557.0,44899.24
NORTH CAROLINA,PHARMACIES,HYDROCODONE,9193,1642.0,412532.95
NORTH CAROLINA,PHARMACIES,METHYLPHENIDATE,1724,1612.0,253364.8
NORTH CAROLINA,PHARMACIES,OXYCODONE,9143,1624.0,494331.02
NORTH CAROLINA,PRACTITIONERS,D-AMPHETAMINE BASE,1100D,6.0,163.2
NORTH CAROLINA,PRACTITIONERS,DL-AMPHETAMINE BASE,1100B,6.0,151.7
NORTH CAROLINA,PRACTITIONERS,HYDROCODONE,9193,2707.0,3923.08
NORTH CAROLINA,PRACTITIONERS,METHYLPHENIDATE,1724,5.0,270.96
NORTH CAROLINA,PRACTITIONERS,OXYCODONE,9143,27.0,128.77
NORTH CAROLINA,TEACHING INSTITUTIONS,OXYCODONE,9143,1.0,1.34
NORTH DAKOTA,HOSPITALS,D-AMPHETAMINE BASE,1100D,19.0,720.28
NORTH DAKOTA,HOSPITALS,DL-AMPHETAMINE BASE,1100B,14.0,151.85
NORTH DAKOTA,HOSPITALS,HYDROCODONE,9193,43.0,2199.04
NORTH DAKOTA,HOSPITALS,METHYLPHENIDATE,1724,26.0,2789.25
NORTH DAKOTA,HOSPITALS,OXYCODONE,9143,46.0,4298.53
NORTH DAKOTA,PHARMACIES,D-AMPHETAMINE BASE,1100D,164.0,5164.26
NORTH DAKOTA,PHARMACIES,DL-AMPHETAMINE BASE,1100B,149.0,1531.04
NORTH DAKOTA,PHARMACIES,HYDROCODONE,9193,177.0,9919.72
NORTH DAKOTA,PHARMACIES,METHYLPHENIDATE,1724,173.0,19250.94
NORTH DAKOTA,PHARMACIES,OXYCODONE,9143,175.0,15779.2
NORTH DAKOTA,PRACTITIONERS,D-AMPHETAMINE BASE,1100D,1.0,38.18
NORTH DAKOTA,PRACTITIONERS,DL-AMPHETAMINE BASE,1100B,1.0,4.18
NORTH DAKOTA,PRACTITIONERS,HYDROCODONE,9193,263.0,243.69
NORTH DAKOTA,PRACTITIONERS,METHYLPHENIDATE,1724,1.0,49.19
NORTH DAKOTA,PRACTITIONERS,OXYCODONE,9143,4.0,5.07
OHIO,HOSPITALS,D-AMPHETAMINE BASE,1100D,90.0,1967.68
OHIO,HOSPITALS,DL-AMPHETAMINE BASE,1100B,74.0,955.06
OHIO,HOSPITALS,HYDROCODONE,9193,288.0,14797.8
OHIO,HOSPITALS,METHYLPHENIDATE,1724,186.0,9845.92
OHIO,HOSPITALS,OXYCODONE,9143,286.0,61474.03
OHIO,PHARMACIES,D-AMPHETAMINE BASE,1100D,2294.0,102969.32
OHIO,PHARMACIES,DL-AMPHETAMINE BASE,1100B,2280.0,63823.93
OHIO,PHARMACIES,HYDROCODONE,9193,2409.0,479854.78
OHIO,PHARMACIES,METHYLPHENIDATE,1724,2349.0,433127.71
OHIO,PHARMACIES,OXYCODONE,9143,2368.0,803178.24
OHIO,PRACTITIONERS,D-AMPHETAMINE BASE,1100D,6.0,57.51
OHIO,PRACTITIONERS,DL-AMPHETAMINE BASE,1100B,1.0,18.03
OHIO,PRACTITIONERS,HYDROCODONE,9193,3304.0,4145.08
OHIO,PRACTITIONERS,METHYLPHENIDATE,1724,6.0,430.26
OHIO,PRACTITIONERS,OXYCODONE,9143,22.0,58.45
OHIO,TEACHING INSTITUTIONS,D-AMPHETAMINE BASE,1100D,2.0,91.98
OHIO,TEACHING INSTITUTIONS,DL-AMPHETAMINE BASE,1100B,2.0,60.47
OHIO,TEACHING INSTITUTIONS,HYDROCODONE,9193,2.0,182.75
OHIO,TEACHING INSTITUTIONS,METHYLPHENIDATE,1724,3.0,231.64
OHIO,TEACHING INSTITUTIONS,OXYCODONE,9143,2.0,1116.87
OKLAHOMA,HOSPITALS,D-AMPHETAMINE BASE,1100D,39.0,875.17
OKLAHOMA,HOSPITALS,DL-AMPHETAMINE BASE,1100B,25.0,391.74
OKLAHOMA,HOSPITALS,HYDROCODONE,9193,181.0,10958.45
OKLAHOMA,HOSPITALS,METHYLPHENIDATE,1724,101.0,4599.87
OKLAHOMA,HOSPITALS,OXYCODONE,9143,173.0,12456.36
OKLAHOMA,PHARMACIES,D-AMPHETAMINE BASE,1100D,811.0,28397.29
OKLAHOMA,PHARMACIES,DL-AMPHETAMINE BASE,1100B,786.0,17053.82
OKLAHOMA,PHARMACIES,HYDROCODONE,9193,877.0,274966.14
OKLAHOMA,PHARMACIES,METHYLPHENIDATE,1724,837.0,77117.7
OKLAHOMA,PHARMACIES,OXYCODONE,9143,853.0,142548.59
OKLAHOMA,PRACTITIONERS,D-AMPHETAMINE BASE,1100D,2.0,4.4
OKLAHOMA,PRACTITIONERS,HYDROCODONE,9193,1395.0,3168.83
OKLAHOMA,PRACTITIONERS,METHYLPHENIDATE,1724,7.0,690.59
OKLAHOMA,PRACTITIONERS,OXYCODONE,9143,13.0,246.92
OREGON,HOSPITALS,D-AMPHETAMINE BASE,1100D,40.0,876.82
OREGON,HOSPITALS,DL-AMPHETAMINE BASE,1100B,28.0,315.71
OREGON,HOSPITALS,HYDROCODONE,9193,89.0,15727.07
OREGON,HOSPITALS,METHYLPHENIDATE,1724,58.0,2606.22
OREGON,HOSPITALS,OXYCODONE,9143,85.0,25094.08
OREGON,PHARMACIES,D-AMPHETAMINE BASE,1100D,600.0,34987.85
OREGON,PHARMACIES,DL-AMPHETAMINE BASE,1100B,582.0,14368.67
OREGON,PHARMACIES,HYDROCODONE,9193,638.0,187871.51
OREGON,PHARMACIES,METHYLPHENIDATE,1724,606.0,94329.91
OREGON,PHARMACIES,OXYCODONE,9143,623.0,201420.62
OREGON,PRACTITIONERS,D-AMPHETAMINE BASE,1100D,3.0,103.4
OREGON,PRACTITIONERS,DL-AMPHETAMINE BASE,1100B,2.0,94.75
OREGON,PRACTITIONERS,HYDROCODONE,9193,895.0,1435.93
OREGON,PRACTITIONERS,METHYLPHENIDATE,1724,3.0,163.01
OREGON,PRACTITIONERS,OXYCODONE,9143,18.0,30.06
PENNSYLVANIA,HOSPITALS,D-AMPHETAMINE BASE,1100D,121.0,1223.29
PENNSYLVANIA,HOSPITALS,DL-AMPHETAMINE BASE,1100B,92.0,566.01
PENNSYLVANIA,HOSPITALS,HYDROCODONE,9193,258.0,8039.28
PENNSYLVANIA,HOSPITALS,METHYLPHENIDATE,1724,254.0,6771.68
PENNSYLVANIA,HOSPITALS,OXYCODONE,9143,304.0,76506.08
PENNSYLVANIA,PHARMACIES,D-AMPHETAMINE BASE,1100D,2739.0,118115.09
PENNSYLVANIA,PHARMACIES,DL-AMPHETAMINE BASE,1100B,2688.0,63650.06
PENNSYLVANIA,PHARMACIES,HYDROCODONE,9193,2934.0,420493.01
PENNSYLVANIA,PHARMACIES,METHYLPHENIDATE,1724,2845.0,442813.04
PENNSYLVANIA,PHARMACIES,OXYCODONE,9143,2909.0,1022993.29
PENNSYLVANIA,PRACTITIONERS,D-AMPHETAMINE BASE,1100D,7.0,54.37
PENNSYLVANIA,PRACTITIONERS,DL-AMPHETAMINE BASE,1100B,2.0,31.49
PENNSYLVANIA,PRACTITIONERS,HYDROCODONE,9193,4012.0,7180.77
PENNSYLVANIA,PRACTITIONERS,METHYLPHENIDATE,1724,4.0,399.45
PENNSYLVANIA,PRACTITIONERS,OXYCODONE,9143,68.0,212.47
PENNSYLVANIA,TEACHING INSTITUTIONS,DL-AMPHETAMINE BASE,1100B,1.0,0.07
PENNSYLVANIA,TEACHING INSTITUTIONS,HYDROCODONE,9193,1.0,21.07
PENNSYLVANIA,TEACHING INSTITUTIONS,METHYLPHENIDATE,1724,1.0,0.0
PENNSYLVANIA,TEACHING INSTITUTIONS,OXYCODONE,9143,2.0,2.96
PUERTO RICO,HOSPITALS,D-AMPHETAMINE BASE,1100D,7.0,107.03
PUERTO RICO,HOSPITALS,DL-AMPHETAMINE BASE,1100B,4.0,46.31
PUERTO RICO,HOSPITALS,HYDROCODONE,9193,59.0,748.7
PUERTO RICO,HOSPITALS,METHYLPHENIDATE,1724,21.0,1091.28
PUERTO RICO,HOSPITALS,OXYCODONE,9143,81.0,5172.35
PUERTO RICO,PHARMACIES,D-AMPHETAMINE BASE,1100D,290.0,3445.17
PUERTO RICO,PHARMACIES,DL-AMPHETAMINE BASE,1100B,264.0,1390.68
PUERTO RICO,PHARMACIES,HYDROCODONE,9193,895.0,34249.19
PUERTO RICO,PHARMACIES,METHYLPHENIDATE,1724,490.0,18511.9
PUERTO RICO,PHARMACIES,OXYCODONE,9143,633.0,33575.9
PUERTO RICO,PRACTITIONERS,HYDROCODONE,9193,787.0,817.9
RHODE ISLAND,HOSPITALS,D-AMPHETAMINE BASE,1100D,13.0,232.96
RHODE ISLAND,HOSPITALS,DL-AMPHETAMINE BASE,1100B,7.0,113.33
RHODE ISLAND,HOSPITALS,HYDROCODONE,9193,21.0,1489.87
RHODE ISLAND,HOSPITALS,METHYLPHENIDATE,1724,20.0,1514.42
RHODE ISLAND,HOSPITALS,OXYCODONE,9143,20.0,8612.34
RHODE ISLAND,PHARMACIES,D-AMPHETAMINE BASE,1100D,179.0,16932.06
RHODE ISLAND,PHARMACIES,DL-AMPHETAMINE BASE,1100B,176.0,7383.92
RHODE ISLAND,PHARMACIES,HYDROCODONE,9193,184.0,47409.44
RHODE ISLAND,PHARMACIES,METHYLPHENIDATE,1724,182.0,38478.58
RHODE ISLAND,PHARMACIES,OXYCODONE,9143,184.0,61841.3
RHODE ISLAND,PRACTITIONERS,HYDROCODONE,9193,61.0,233.09
RHODE ISLAND,PRACTITIONERS,METHYLPHENIDATE,1724,3.0,157.97
RHODE ISLAND,PRACTITIONERS,OXYCODONE,9143,5.0,7.1
SOUTH CAROLINA,HOSPITALS,D-AMPHETAMINE BASE,1100D,49.0,1524.93
SOUTH CAROLINA,HOSPITALS,DL-AMPHETAMINE BASE,1100B,44.0,971.23
SOUTH CAROLINA,HOSPITALS,HYDROCODONE,9193,121.0,7874.38
SOUTH CAROLINA,HOSPITALS,METHYLPHENIDATE,1724,78.0,5373.07
SOUTH CAROLINA,HOSPITALS,OXYCODONE,9143,120.0,28029.96
SOUTH CAROLINA,PHARMACIES,D-AMPHETAMINE BASE,1100D,891.0,48906.5
SOUTH CAROLINA,PHARMACIES,DL-AMPHETAMINE BASE,1100B,889.0,35898.8
SOUTH CAROLINA,PHARMACIES,HYDROCODONE,9193,932.0,236392.44
SOUTH CAROLINA,PHARMACIES,METHYLPHENIDATE,1724,901.0,132050.39
SOUTH CAROLINA,PHARMACIES,OXYCODONE,9143,912.0,268136.76
SOUTH CAROLINA,PRACTITIONERS,HYDROCODONE,9193,999.0,1668.68
SOUTH CAROLINA,PRACTITIONERS,METHYLPHENIDATE,1724,4.0,375.86
SOUTH CAROLINA,PRACTITIONERS,OXYCODONE,9143,5.0,161.48
SOUTH DAKOTA,HOSPITALS,D-AMPHETAMINE BASE,1100D,25.0,476.33
SOUTH DAKOTA,HOSPITALS,DL-AMPHETAMINE BASE,1100B,14.0,129.31
SOUTH DAKOTA,HOSPITALS,HYDROCODONE,9193,64.0,1664.55
SOUTH DAKOTA,HOSPITALS,METHYLPHENIDATE,1724,34.0,2121.44
SOUTH DAKOTA,HOSPITALS,OXYCODONE,9143,62.0,6505.08
SOUTH DAKOTA,PHARMACIES,D-AMPHETAMINE BASE,1100D,173.0,8624.36
SOUTH DAKOTA,PHARMACIES,DL-AMPHETAMINE BASE,1100B,158.0,3931.71
SOUTH DAKOTA,PHARMACIES,HYDROCODONE,9193,193.0,13833.38
SOUTH DAKOTA,PHARMACIES,METHYLPHENIDATE,1724,186.0,25913.23
SOUTH DAKOTA,PHARMACIES,OXYCODONE,9143,187.0,16470.52
SOUTH DAKOTA,PRACTITIONERS,HYDROCODONE,9193,323.0,388.23
SOUTH DAKOTA,PRACTITIONERS,OXYCODONE,9143,1.0,1.32
TENNESSEE,HOSPITALS,D-AMPHETAMINE BASE,1100D,64.0,662.59
TENNESSEE,HOSPITALS,DL-AMPHETAMINE BASE,1100B,44.0,305.4
TENNESSEE,HOSPITALS,HYDROCODONE,9193,186.0,9309.64
TENNESSEE,HOSPITALS,METHYLPHENIDATE,1724,118.0,2245.58
TENNESSEE,HOSPITALS,OXYCODONE,9143,169.0,25941.72
TENNESSEE,PHARMACIES,D-AMPHETAMINE BASE,1100D,1251.0,55286.12
TENNESSEE,PHARMACIES,DL-AMPHETAMINE BASE,1100B,1231.0,31749.19
TENNESSEE,PHARMACIES,HYDROCODONE,9193,1365.0,447900.3
TENNESSEE,PHARMACIES,METHYLPHENIDATE,1724,1291.0,155044.96
TENNESSEE,PHARMACIES,OXYCODONE,9143,1310.0,281448.09
TENNESSEE,PRACTITIONERS,HYDROCODONE,9193,3509.0,8248.52
TENNESSEE,PRACTITIONERS,METHYLPHENIDATE,1724,1.0,125.28
TENNESSEE,PRACTITIONERS,OXYCODONE,9143,34.0,61.08
TEXAS,HOSPITALS,D-AMPHETAMINE BASE,1100D,189.0,4729.77
TEXAS,HOSPITALS,DL-AMPHETAMINE BASE,1100B,146.0,2278.74
TEXAS,HOSPITALS,HYDROCODONE,9193,757.0,64120.61
TEXAS,HOSPITALS,METHYLPHENIDATE,1724,395.0,20978.92
TEXAS,HOSPITALS,OXYCODONE,9143,545.0,55954.22
TEXAS,PHARMACIES,D-AMPHETAMINE BASE,1100D,3650.0,185756.35
TEXAS,PHARMACIES,DL-AMPHETAMINE BASE,1100B,3614.0,123674.34
TEXAS,PHARMACIES,HYDROCODONE,9193,4177.0,1360588.49
TEXAS,PHARMACIES,METHYLPHENIDATE,1724,3746.0,534223.92
TEXAS,PHARMACIES,OXYCODONE,9143,3482.0,442861.66
TEXAS,PRACTITIONERS,D-AMPHETAMINE BASE,1100D,6.0,36.22
TEXAS,PRACTITIONERS,DL-AMPHETAMINE BASE,1100B,4.0,30.23
TEXAS,PRACTITIONERS,HYDROCODONE,9193,8305.0,11915.51
TEXAS,PRACTITIONERS,METHYLPHENIDATE,1724,14.0,793.51
TEXAS,PRACTITIONERS,OXYCODONE,9143,16.0,32.48
TRUST TERRITORIES (GUA M),HOSPITALS,D-AMPHETAMINE BASE,1100D,2.0,28.14
TRUST TERRITORIES (GUA M),HOSPITALS,DL-AMPHETAMINE BASE,1100B,2.0,13.2
TRUST TERRITORIES (GUA M),HOSPITALS,HYDROCODONE,9193,2.0,65.49
TRUST TERRITORIES (GUA M),HOSPITALS,METHYLPHENIDATE,1724,3.0,379.5
TRUST TERRITORIES (GUA M),HOSPITALS,OXYCODONE,9143,3.0,291.53
TRUST TERRITORIES (GUA M),PHARMACIES,D-AMPHETAMINE BASE,1100D,7.0,62.59
TRUST TERRITORIES (GUA M),PHARMACIES,DL-AMPHETAMINE BASE,1100B,7.0,54.06
TRUST TERRITORIES (GUA M),PHARMACIES,HYDROCODONE,9193,13.0,393.34
TRUST TERRITORIES (GUA M),PHARMACIES,METHYLPHENIDATE,1724,7.0,397.24
TRUST TERRITORIES (GUA M),PHARMACIES,OXYCODONE,9143,6.0,818.19
TRUST TERRITORIES (GUA M),PRACTITIONERS,HYDROCODONE,9193,8.0,35.12
UTAH,HOSPITALS,D-AMPHETAMINE BASE,1100D,27.0,1493.33
UTAH,HOSPITALS,DL-AMPHETAMINE BASE,1100B,20.0,437.92
UTAH,HOSPITALS,HYDROCODONE,9193,73.0,10156.75
UTAH,HOSPITALS,METHYLPHENIDATE,1724,36.0,2435.29
UTAH,HOSPITALS,OXYCODONE,9143,70.0,13777.99
UTAH,PHARMACIES,D-AMPHETAMINE BASE,1100D,381.0,26665.67
UTAH,PHARMACIES,DL-AMPHETAMINE BASE,1100B,376.0,9611.95
UTAH,PHARMACIES,HYDROCODONE,9193,399.0,113917.65
UTAH,PHARMACIES,METHYLPHENIDATE,1724,382.0,62377.44
UTAH,PHARMACIES,OXYCODONE,9143,387.0,93440.49
UTAH,PRACTITIONERS,HYDROCODONE,9193,636.0,969.11
UTAH,PRACTITIONERS,METHYLPHENIDATE,1724,2.0,201.54
UTAH,PRACTITIONERS,OXYCODONE,9143,8.0,42.33
VERMONT,HOSPITALS,D-AMPHETAMINE BASE,1100D,9.0,112.32
VERMONT,HOSPITALS,DL-AMPHETAMINE BASE,1100B,4.0,40.34
VERMONT,HOSPITALS,HYDROCODONE,9193,16.0,261.63
VERMONT,HOSPITALS,METHYLPHENIDATE,1724,13.0,647.18
VERMONT,HOSPITALS,OXYCODONE,9143,17.0,3836.91
VERMONT,PHARMACIES,D-AMPHETAMINE BASE,1100D,137.0,5476.89
VERMONT,PHARMACIES,DL-AMPHETAMINE BASE,1100B,130.0,2063.14
VERMONT,PHARMACIES,HYDROCODONE,9193,144.0,12618.39
VERMONT,PHARMACIES,METHYLPHENIDATE,1724,139.0,29015.42
VERMONT,PHARMACIES,OXYCODONE,9143,142.0,41476.44
VERMONT,PRACTITIONERS,D-AMPHETAMINE BASE,1100D,1.0,0.73
VERMONT,PRACTITIONERS,HYDROCODONE,9193,97.0,116.43
VERMONT,PRACTITIONERS,METHYLPHENIDATE,1724,1.0,10.33
VERMONT,PRACTITIONERS,OXYCODONE,9143,4.0,16.09
VIRGIN ISLANDS,PHARMACIES,D-AMPHETAMINE BASE,1100D,10.0,60.27
VIRGIN ISLANDS,PHARMACIES,DL-AMPHETAMINE BASE,1100B,10.0,35.67
VIRGIN ISLANDS,PHARMACIES,HYDROCODONE,9193,19.0,1375.82
VIRGIN ISLANDS,PHARMACIES,METHYLPHENIDATE,1724,12.0,313.31
VIRGIN ISLANDS,PHARMACIES,OXYCODONE,9143,15.0,631.38
VIRGIN ISLANDS,PRACTITIONERS,HYDROCODONE,9193,9.0,11.43
VIRGINIA,HOSPITALS,D-AMPHETAMINE BASE,1100D,70.0,7413.69
VIRGINIA,HOSPITALS,DL-AMPHETAMINE BASE,1100B,53.0,4646.0
VIRGINIA,HOSPITALS,HYDROCODONE,9193,136.0,10208.47
VIRGINIA,HOSPITALS,METHYLPHENIDATE,1724,118.0,19334.21
VIRGINIA,HOSPITALS,OXYCODONE,9143,136.0,45727.7
VIRGINIA,PHARMACIES,D-AMPHETAMINE BASE,1100D,1366.0,70143.27
VIRGINIA,PHARMACIES,DL-AMPHETAMINE BASE,1100B,1349.0,40433.68
VIRGINIA,PHARMACIES,HYDROCODONE,9193,1416.0,265134.19
VIRGINIA,PHARMACIES,METHYLPHENIDATE,1724,1387.0,250909.88
VIRGINIA,PHARMACIES,OXYCODONE,9143,1400.0,416909.46
VIRGINIA,PRACTITIONERS,D-AMPHETAMINE BASE,1100D,4.0,24.36
VIRGINIA,PRACTITIONERS,DL-AMPHETAMINE BASE,1100B,3.0,21.28
VIRGINIA,PRACTITIONERS,HYDROCODONE,9193,2652.0,4846.52
VIRGINIA,PRACTITIONERS,METHYLPHENIDATE,1724,8.0,749.69
VIRGINIA,PRACTITIONERS,OXYCODONE,9143,22.0,234.41
WASHINGTON,HOSPITALS,D-AMPHETAMINE BASE,1100D,81.0,3485.53
WASHINGTON,HOSPITALS,DL-AMPHETAMINE BASE,1100B,59.0,1077.15
WASHINGTON,HOSPITALS,HYDROCODONE,9193,167.0,24945.93
WASHINGTON,HOSPITALS,METHYLPHENIDATE,1724,115.0,13432.46
WASHINGTON,HOSPITALS,OXYCODONE,9143,166.0,64399.41
WASHINGTON,PHARMACIES,D-AMPHETAMINE BASE,1100D,1062.0,61504.15
WASHINGTON,PHARMACIES,DL-AMPHETAMINE BASE,1100B,1048.0,26358.92
WASHINGTON,PHARMACIES,HYDROCODONE,9193,1109.0,249742.73
WASHINGTON,PHARMACIES,METHYLPHENIDATE,1724,1075.0,166843.11
WASHINGTON,PHARMACIES,OXYCODONE,9143,1094.0,360178.24
WASHINGTON,PRACTITIONERS,D-AMPHETAMINE BASE,1100D,4.0,12.84
WASHINGTON,PRACTITIONERS,DL-AMPHETAMINE BASE,1100B,2.0,7.51
WASHINGTON,PRACTITIONERS,HYDROCODONE,9193,1536.0,2649.01
WASHINGTON,PRACTITIONERS,METHYLPHENIDATE,1724,6.0,215.54
WASHINGTON,PRACTITIONERS,OXYCODONE,9143,40.0,72.47
WEST VIRGINIA,HOSPITALS,D-AMPHETAMINE BASE,1100D,27.0,302.85
WEST VIRGINIA,HOSPITALS,DL-AMPHETAMINE BASE,1100B,16.0,166.6
WEST VIRGINIA,HOSPITALS,HYDROCODONE,9193,68.0,4984.35
WEST VIRGINIA,HOSPITALS,METHYLPHENIDATE,1724,48.0,676.96
WEST VIRGINIA,HOSPITALS,OXYCODONE,9143,65.0,16159.21
WEST VIRGINIA,PHARMACIES,D-AMPHETAMINE BASE,1100D,476.0,17510.73
WEST VIRGINIA,PHARMACIES,DL-AMPHETAMINE BASE,1100B,470.0,8105.65
WEST VIRGINIA,PHARMACIES,HYDROCODONE,9193,503.0,146015.78
WEST VIRGINIA,PHARMACIES,METHYLPHENIDATE,1724,490.0,50991.83
WEST VIRGINIA,PHARMACIES,OXYCODONE,9143,491.0,180882.19
WEST VIRGINIA,PRACTITIONERS,HYDROCODONE,9193,889.0,1531.28
WEST VIRGINIA,PRACTITIONERS,METHYLPHENIDATE,1724,1.0,92.59
WEST VIRGINIA,PRACTITIONERS,OXYCODONE,9143,7.0,14.62
WISCONSIN,HOSPITALS,D-AMPHETAMINE BASE,1100D,74.0,820.17
WISCONSIN,HOSPITALS,DL-AMPHETAMINE BASE,1100B,53.0,269.68
WISCONSIN,HOSPITALS,HYDROCODONE,9193,151.0,9024.69
WISCONSIN,HOSPITALS,METHYLPHENIDATE,1724,113.0,2912.8
WISCONSIN,HOSPITALS,OXYCODONE,9143,150.0,41986.44
WISCONSIN,PHARMACIES,D-AMPHETAMINE BASE,1100D,1045.0,74977.89
WISCONSIN,PHARMACIES,DL-AMPHETAMINE BASE,1100B,1026.0,32825.0
WISCONSIN,PHARMACIES,HYDROCODONE,9193,1097.0,149196.95
WISCONSIN,PHARMACIES,METHYLPHENIDATE,1724,1062.0,184155.37
WISCONSIN,PHARMACIES,OXYCODONE,9143,1076.0,239250.84
WISCONSIN,PRACTITIONERS,D-AMPHETAMINE BASE,1100D,3.0,40.61
WISCONSIN,PRACTITIONERS,DL-AMPHETAMINE BASE,1100B,3.0,20.01
WISCONSIN,PRACTITIONERS,HYDROCODONE,9193,1114.0,1038.64
WISCONSIN,PRACTITIONERS,METHYLPHENIDATE,1724,4.0,135.98
WISCONSIN,PRACTITIONERS,OXYCODONE,9143,46.0,117.32
WYOMING,HOSPITALS,D-AMPHETAMINE BASE,1100D,16.0,194.92
WYOMING,HOSPITALS,DL-AMPHETAMINE BASE,1100B,6.0,42.37
WYOMING,HOSPITALS,HYDROCODONE,9193,42.0,1062.65
WYOMING,HOSPITALS,METHYLPHENIDATE,1724,20.0,1213.08
WYOMING,HOSPITALS,OXYCODONE,9143,41.0,3000.19
WYOMING,PHARMACIES,D-AMPHETAMINE BASE,1100D,110.0,3835.22
WYOMING,PHARMACIES,DL-AMPHETAMINE BASE,1100B,108.0,1630.46
WYOMING,PHARMACIES,HYDROCODONE,9193,120.0,17841.0
WYOMING,PHARMACIES,METHYLPHENIDATE,1724,114.0,12268.09
WYOMING,PHARMACIES,OXYCODONE,9143,119.0,15868.73
WYOMING,PRACTITIONERS,HYDROCODONE,9193,177.0,245.78
WYOMING,PRACTITIONERS,OXYCODONE,9143,7.0,31.69
